time,river_discharge,ingested_at
2024-01-01,50.88,2026-09-28T07:32:08+00:00
2024-01-02,49.58,2026-09-28T07:32:08+00:00
2024-01-03,82.18,2026-09-28T07:32:08+00:00
2024-01-04,55.49,2026-09-28T07:32:08+00:00
2024-01-05,123.45,2026-09-28T07:32:08+00:00
2024-01-06,68.82,2026-09-28T07:32:08+00:00
2024-01-07,69.31,2026-09-28T07:32:08+00:00
2024-01-08,73.82,2026-09-28T07:32:08+00:00
2024-01-09,71.61,2026-09-28T07:32:08+00:00
2024-01-10,52.33,2026-09-28T07:32:08+00:00
2024-01-11,62.97,2026-09-28T07:32:08+00:00
2024-01-12,72.28,2026-09-28T07:32:08+00:00
2024-01-13,46.53,2026-09-28T07:32:08+00:00
2024-01-14,40.3,2026-09-28T07:32:08+00:00
2024-01-15,52.46,2026-09-28T07:32:08+00:00
2024-01-16,44.5,2026-09-28T07:32:08+00:00
2024-01-17,32.04,2026-09-28T07:32:08+00:00
2024-01-18,33.36,2026-09-28T07:32:08+00:00
2024-01-19,41.46,2026-09-28T07:32:08+00:00
2024-01-20,50.64,2026-09-28T07:32:08+00:00
2024-01-21,33.36,2026-09-28T07:32:08+00:00
2024-01-22,27.51,2026-09-28T07:32:08+00:00
2024-01-23,22.01,2026-09-28T07:32:08+00:00
2024-01-24,19.23,2026-09-28T07:32:08+00:00
2024-01-25,21.18,2026-09-28T07:32:08+00:00
2024-01-26,21.75,2026-09-28T07:32:08+00:00
2024-01-27,27.44,2026-09-28T07:32:08+00:00
2024-01-28,40.02,2026-09-28T07:32:08+00:00
2024-01-29,62.24,2026-09-28T07:32:08+00:00
2024-01-30,63.27,2026-09-28T07:32:08+00:00
2024-01-31,79.17,2026-09-28T07:32:08+00:00
2024-02-01,62.53,2026-09-28T07:32:08+00:00
2024-02-02,62.24,2026-09-28T07:32:08+00:00
2024-02-03,54.85,2026-09-28T07:32:08+00:00
2024-02-04,62.53,2026-09-28T07:32:08+00:00
2024-02-05,54.72,2026-09-28T07:32:08+00:00
2024-02-06,53.95,2026-09-28T07:32:08+00:00
2024-02-07,51.24,2026-09-28T07:32:08+00:00
2024-02-08,43.26,2026-09-28T07:32:08+00:00
2024-02-09,32.19,2026-09-28T07:32:08+00:00
2024-02-10,42.35,2026-09-28T07:32:08+00:00
2024-02-11,57.48,2026-09-28T07:32:08+00:00
2024-02-12,46.42,2026-09-28T07:32:08+00:00
2024-02-13,41.76,2026-09-28T07:32:08+00:00
2024-02-14,34.97,2026-09-28T07:32:08+00:00
2024-02-15,37.9,2026-09-28T07:32:08+00:00
2024-02-16,48.77,2026-09-28T07:32:08+00:00
2024-02-17,77.52,2026-09-28T07:32:08+00:00
2024-02-18,113.29,2026-09-28T07:32:08+00:00
2024-02-19,69.31,2026-09-28T07:32:08+00:00
2024-02-20,57.61,2026-09-28T07:32:08+00:00
2024-02-21,50.88,2026-09-28T07:32:08+00:00
2024-02-22,46.21,2026-09-28T07:32:08+00:00
2024-02-23,38.9,2026-09-28T07:32:08+00:00
2024-02-24,36.67,2026-09-28T07:32:08+00:00
2024-02-25,50.76,2026-09-28T07:32:08+00:00
2024-02-26,63.86,2026-09-28T07:32:08+00:00
2024-02-27,64.46,2026-09-28T07:32:08+00:00
2024-02-28,88.33,2026-09-28T07:32:08+00:00
2024-02-29,72.45,2026-09-28T07:32:08+00:00
2024-03-01,69.47,2026-09-28T07:32:08+00:00
2024-03-02,66.3,2026-09-28T07:32:08+00:00
2024-03-03,83.33,2026-09-28T07:32:08+00:00
2024-03-04,68.82,2026-09-28T07:32:08+00:00
2024-03-05,64.31,2026-09-28T07:32:08+00:00
2024-03-06,69.31,2026-09-28T07:32:08+00:00
2024-03-07,73.64,2026-09-28T07:32:08+00:00
2024-03-08,68.82,2026-09-28T07:32:08+00:00
2024-03-09,71.44,2026-09-28T07:32:08+00:00
2024-03-10,64.01,2026-09-28T07:32:08+00:00
2024-03-11,58.16,2026-09-28T07:32:08+00:00
2024-03-12,107.14,2026-09-28T07:32:08+00:00
2024-03-13,97.86,2026-09-28T07:32:08+00:00
2024-03-14,109.15,2026-09-28T07:32:08+00:00
2024-03-15,80.66,2026-09-28T07:32:08+00:00
2024-03-16,49.93,2026-09-28T07:32:08+00:00
2024-03-17,50.64,2026-09-28T07:32:08+00:00
2024-03-18,51.36,2026-09-28T07:32:08+00:00
2024-03-19,34.16,2026-09-28T07:32:08+00:00
2024-03-20,23.83,2026-09-28T07:32:08+00:00
2024-03-21,20.48,2026-09-28T07:32:08+00:00
2024-03-22,20.04,2026-09-28T07:32:08+00:00
2024-03-23,33.75,2026-09-28T07:32:08+00:00
2024-03-24,29.69,2026-09-28T07:32:08+00:00
2024-03-25,27.38,2026-09-28T07:32:08+00:00
2024-03-26,58.57,2026-09-28T07:32:08+00:00
2024-03-27,34.89,2026-09-28T07:32:08+00:00
2024-03-28,50.05,2026-09-28T07:32:08+00:00
2024-03-29,45.13,2026-09-28T07:32:08+00:00
2024-03-30,45.13,2026-09-28T07:32:08+00:00
2024-03-31,45.45,2026-09-28T07:32:08+00:00
2024-04-01,41.17,2026-09-28T07:32:08+00:00
2024-04-02,36.07,2026-09-28T07:32:08+00:00
2024-04-03,40.21,2026-09-28T07:32:08+00:00
2024-04-04,60.38,2026-09-28T07:32:08+00:00
2024-04-05,66.3,2026-09-28T07:32:08+00:00
2024-04-06,57.61,2026-09-28T07:32:08+00:00
2024-04-07,51.36,2026-09-28T07:32:08+00:00
2024-04-08,35.64,2026-09-28T07:32:08+00:00
2024-04-09,24.76,2026-09-28T07:32:08+00:00
2024-04-10,29.13,2026-09-28T07:32:08+00:00
2024-04-11,34.48,2026-09-28T07:32:08+00:00
2024-04-12,48.89,2026-09-28T07:32:08+00:00
2024-04-13,68.98,2026-09-28T07:32:08+00:00
2024-04-14,61.95,2026-09-28T07:32:08+00:00
2024-04-15,53.83,2026-09-28T07:32:08+00:00
2024-04-16,41.36,2026-09-28T07:32:08+00:00
2024-04-17,35.14,2026-09-28T07:32:08+00:00
2024-04-18,49.58,2026-09-28T07:32:08+00:00
2024-04-19,41.76,2026-09-28T07:32:08+00:00
2024-04-20,30.7,2026-09-28T07:32:08+00:00
2024-04-21,51.84,2026-09-28T07:32:08+00:00
2024-04-22,45.13,2026-09-28T07:32:08+00:00
2024-04-23,33.99,2026-09-28T07:32:08+00:00
2024-04-24,37.64,2026-09-28T07:32:08+00:00
2024-04-25,41.17,2026-09-28T07:32:08+00:00
2024-04-26,51.24,2026-09-28T07:32:08+00:00
2024-04-27,46.75,2026-09-28T07:32:08+00:00
2024-04-28,57.88,2026-09-28T07:32:08+00:00
2024-04-29,35.98,2026-09-28T07:32:08+00:00
2024-04-30,33.83,2026-09-28T07:32:08+00:00
2024-05-01,29.69,2026-09-28T07:32:08+00:00
2024-05-02,32.73,2026-09-28T07:32:08+00:00
2024-05-03,31.28,2026-09-28T07:32:08+00:00
2024-05-04,23.49,2026-09-28T07:32:08+00:00
2024-05-05,18.86,2026-09-28T07:32:08+00:00
2024-05-06,17.97,2026-09-28T07:32:08+00:00
2024-05-07,21.44,2026-09-28T07:32:08+00:00
2024-05-08,16.82,2026-09-28T07:32:08+00:00
2024-05-09,12.68,2026-09-28T07:32:08+00:00
2024-05-10,12.87,2026-09-28T07:32:08+00:00
2024-05-11,19.8,2026-09-28T07:32:08+00:00
2024-05-12,30.33,2026-09-28T07:32:08+00:00
2024-05-13,26.16,2026-09-28T07:32:08+00:00
2024-05-14,45.99,2026-09-28T07:32:08+00:00
2024-05-15,35.56,2026-09-28T07:32:08+00:00
2024-05-16,14.81,2026-09-28T07:32:08+00:00
2024-05-17,16.66,2026-09-28T07:32:08+00:00
2024-05-18,13.29,2026-09-28T07:32:08+00:00
2024-05-19,18.28,2026-09-28T07:32:08+00:00
2024-05-20,23.43,2026-09-28T07:32:08+00:00
2024-05-21,15.03,2026-09-28T07:32:08+00:00
2024-05-22,11.82,2026-09-28T07:32:08+00:00
2024-05-23,32.81,2026-09-28T07:32:08+00:00
2024-05-24,33.67,2026-09-28T07:32:08+00:00
2024-05-25,68.34,2026-09-28T07:32:08+00:00
2024-05-26,54.72,2026-09-28T07:32:08+00:00
2024-05-27,23.83,2026-09-28T07:32:08+00:00
2024-05-28,21.28,2026-09-28T07:32:08+00:00
2024-05-29,16.66,2026-09-28T07:32:08+00:00
2024-05-30,14.6,2026-09-28T07:32:08+00:00
2024-05-31,13.16,2026-09-28T07:32:08+00:00
2024-06-01,12.4,2026-09-28T07:32:08+00:00
2024-06-02,25.85,2026-09-28T07:32:08+00:00
2024-06-03,40.02,2026-09-28T07:32:08+00:00
2024-06-04,33.59,2026-09-28T07:32:08+00:00
2024-06-05,19.8,2026-09-28T07:32:08+00:00
2024-06-06,17.79,2026-09-28T07:32:08+00:00
2024-06-07,16.62,2026-09-28T07:32:08+00:00
2024-06-08,13.62,2026-09-28T07:32:08+00:00
2024-06-09,11.94,2026-09-28T07:32:08+00:00
2024-06-10,17.84,2026-09-28T07:32:08+00:00
2024-06-11,17.97,2026-09-28T07:32:08+00:00
2024-06-12,19.28,2026-09-28T07:32:08+00:00
2024-06-13,35.06,2026-09-28T07:32:08+00:00
2024-06-14,37.73,2026-09-28T07:32:08+00:00
2024-06-15,27.84,2026-09-28T07:32:08+00:00
2024-06-16,24.76,2026-09-28T07:32:08+00:00
2024-06-17,17.97,2026-09-28T07:32:08+00:00
2024-06-18,12.93,2026-09-28T07:32:08+00:00
2024-06-19,20.09,2026-09-28T07:32:08+00:00
2024-06-20,14.21,2026-09-28T07:32:08+00:00
2024-06-21,8.86,2026-09-28T07:32:08+00:00
2024-06-22,7.91,2026-09-28T07:32:08+00:00
2024-06-23,7.32,2026-09-28T07:32:08+00:00
2024-06-24,6.78,2026-09-28T07:32:08+00:00
2024-06-25,7.69,2026-09-28T07:32:08+00:00
2024-06-26,20.98,2026-09-28T07:32:08+00:00
2024-06-27,12.52,2026-09-28T07:32:08+00:00
2024-06-28,21.49,2026-09-28T07:32:08+00:00
2024-06-29,26.86,2026-09-28T07:32:08+00:00
2024-06-30,28.38,2026-09-28T07:32:08+00:00
2024-07-01,17.79,2026-09-28T07:32:08+00:00
2024-07-02,50.29,2026-09-28T07:32:08+00:00
2024-07-03,37.02,2026-09-28T07:32:08+00:00
2024-07-04,19.04,2026-09-28T07:32:08+00:00
2024-07-05,27.84,2026-09-28T07:32:08+00:00
2024-07-06,37.11,2026-09-28T07:32:08+00:00
2024-07-07,42.55,2026-09-28T07:32:08+00:00
2024-07-08,22.39,2026-09-28T07:32:08+00:00
2024-07-09,49.23,2026-09-28T07:32:08+00:00
2024-07-10,29.06,2026-09-28T07:32:08+00:00
2024-07-11,32.5,2026-09-28T07:32:08+00:00
2024-07-12,23.89,2026-09-28T07:32:08+00:00
2024-07-13,19.28,2026-09-28T07:32:08+00:00
2024-07-14,16.34,2026-09-28T07:32:08+00:00
2024-07-15,14.49,2026-09-28T07:32:08+00:00
2024-07-16,12.93,2026-09-28T07:32:08+00:00
2024-07-17,11.65,2026-09-28T07:32:08+00:00
2024-07-18,10.97,2026-09-28T07:32:08+00:00
2024-07-19,10.72,2026-09-28T07:32:08+00:00
2024-07-20,9.64,2026-09-28T07:32:08+00:00
2024-07-21,8.86,2026-09-28T07:32:08+00:00
2024-07-22,8.16,2026-09-28T07:32:08+00:00
2024-07-23,7.41,2026-09-28T07:32:08+00:00
2024-07-24,7.65,2026-09-28T07:32:08+00:00
2024-07-25,7.41,2026-09-28T07:32:08+00:00
2024-07-26,7.71,2026-09-28T07:32:08+00:00
2024-07-27,8.93,2026-09-28T07:32:08+00:00
2024-07-28,7.34,2026-09-28T07:32:08+00:00
2024-07-29,6.59,2026-09-28T07:32:08+00:00
2024-07-30,6.11,2026-09-28T07:32:08+00:00
2024-07-31,5.64,2026-09-28T07:32:08+00:00
2024-08-01,5.17,2026-09-28T07:32:08+00:00
2024-08-02,8.25,2026-09-28T07:32:08+00:00
2024-08-03,14.74,2026-09-28T07:32:08+00:00
2024-08-04,30.84,2026-09-28T07:32:08+00:00
2024-08-05,18.01,2026-09-28T07:32:08+00:00
2024-08-06,12.18,2026-09-28T07:32:08+00:00
2024-08-07,8.89,2026-09-28T07:32:08+00:00
2024-08-08,6.85,2026-09-28T07:32:08+00:00
2024-08-09,9.3,2026-09-28T07:32:08+00:00
2024-08-10,7.75,2026-09-28T07:32:08+00:00
2024-08-11,6.31,2026-09-28T07:32:08+00:00
2024-08-12,9.72,2026-09-28T07:32:08+00:00
2024-08-13,7.71,2026-09-28T07:32:08+00:00
2024-08-14,5.52,2026-09-28T07:32:08+00:00
2024-08-15,4.7,2026-09-28T07:32:08+00:00
2024-08-16,6.16,2026-09-28T07:32:08+00:00
2024-08-17,5.43,2026-09-28T07:32:08+00:00
2024-08-18,4.11,2026-09-28T07:32:08+00:00
2024-08-19,3.92,2026-09-28T07:32:08+00:00
2024-08-20,3.66,2026-09-28T07:32:08+00:00
2024-08-21,3.34,2026-09-28T07:32:08+00:00
2024-08-22,3.33,2026-09-28T07:32:08+00:00
2024-08-23,3.23,2026-09-28T07:32:08+00:00
2024-08-24,3.21,2026-09-28T07:32:08+00:00
2024-08-25,2.93,2026-09-28T07:32:08+00:00
2024-08-26,2.72,2026-09-28T07:32:08+00:00
2024-08-27,2.7,2026-09-28T07:32:08+00:00
2024-08-28,2.95,2026-09-28T07:32:08+00:00
2024-08-29,3.03,2026-09-28T07:32:08+00:00
2024-08-30,3.29,2026-09-28T07:32:08+00:00
2024-08-31,3.66,2026-09-28T07:32:08+00:00
2024-09-01,4.08,2026-09-28T07:32:08+00:00
2024-09-02,4.15,2026-09-28T07:32:08+00:00
2024-09-03,5.3,2026-09-28T07:32:08+00:00
2024-09-04,6.52,2026-09-28T07:32:08+00:00
2024-09-05,5.4,2026-09-28T07:32:08+00:00
2024-09-06,15.48,2026-09-28T07:32:08+00:00
2024-09-07,9.84,2026-09-28T07:32:08+00:00
2024-09-08,5.05,2026-09-28T07:32:08+00:00
2024-09-09,7.95,2026-09-28T07:32:08+00:00
2024-09-10,29.76,2026-09-28T07:32:08+00:00
2024-09-11,60.66,2026-09-28T07:32:08+00:00
2024-09-12,29.55,2026-09-28T07:32:08+00:00
2024-09-13,15.07,2026-09-28T07:32:08+00:00
2024-09-14,10.64,2026-09-28T07:32:08+00:00
2024-09-15,10.4,2026-09-28T07:32:08+00:00
2024-09-16,8.27,2026-09-28T07:32:08+00:00
2024-09-17,7.02,2026-09-28T07:32:08+00:00
2024-09-18,6.21,2026-09-28T07:32:08+00:00
2024-09-19,5.52,2026-09-28T07:32:08+00:00
2024-09-20,4.92,2026-09-28T07:32:08+00:00
2024-09-21,4.46,2026-09-28T07:32:08+00:00
2024-09-22,4.07,2026-09-28T07:32:08+00:00
2024-09-23,9.0,2026-09-28T07:32:08+00:00
2024-09-24,16.1,2026-09-28T07:32:08+00:00
2024-09-25,23.1,2026-09-28T07:32:08+00:00
2024-09-26,19.51,2026-09-28T07:32:08+00:00
2024-09-27,26.73,2026-09-28T07:32:08+00:00
2024-09-28,16.86,2026-09-28T07:32:08+00:00
2024-09-29,17.45,2026-09-28T07:32:08+00:00
2024-09-30,14.49,2026-09-28T07:32:08+00:00
2024-10-01,8.68,2026-09-28T07:32:08+00:00
2024-10-02,7.49,2026-09-28T07:32:08+00:00
2024-10-03,18.28,2026-09-28T07:32:08+00:00
2024-10-04,18.72,2026-09-28T07:32:08+00:00
2024-10-05,23.49,2026-09-28T07:32:08+00:00
2024-10-06,14.7,2026-09-28T07:32:08+00:00
2024-10-07,16.95,2026-09-28T07:32:08+00:00
2024-10-08,9.94,2026-09-28T07:32:08+00:00
2024-10-09,5.89,2026-09-28T07:32:08+00:00
2024-10-10,5.79,2026-09-28T07:32:08+00:00
2024-10-11,19.04,2026-09-28T07:32:08+00:00
2024-10-12,11.56,2026-09-28T07:32:08+00:00
2024-10-13,24.12,2026-09-28T07:32:08+00:00
2024-10-14,30.7,2026-09-28T07:32:08+00:00
2024-10-15,27.25,2026-09-28T07:32:08+00:00
2024-10-16,12.52,2026-09-28T07:32:08+00:00
2024-10-17,7.65,2026-09-28T07:32:08+00:00
2024-10-18,5.71,2026-09-28T07:32:08+00:00
2024-10-19,4.51,2026-09-28T07:32:08+00:00
2024-10-20,3.82,2026-09-28T07:32:08+00:00
2024-10-21,3.38,2026-09-28T07:32:08+00:00
2024-10-22,3.1,2026-09-28T07:32:08+00:00
2024-10-23,2.92,2026-09-28T07:32:08+00:00
2024-10-24,3.74,2026-09-28T07:32:08+00:00
2024-10-25,8.98,2026-09-28T07:32:08+00:00
2024-10-26,5.95,2026-09-28T07:32:08+00:00
2024-10-27,6.05,2026-09-28T07:32:08+00:00
2024-10-28,5.73,2026-09-28T07:32:08+00:00
2024-10-29,6.16,2026-09-28T07:32:08+00:00
2024-10-30,4.09,2026-09-28T07:32:08+00:00
2024-10-31,4.22,2026-09-28T07:32:08+00:00
2024-11-01,8.51,2026-09-28T07:32:08+00:00
2024-11-02,20.28,2026-09-28T07:32:08+00:00
2024-11-03,48.89,2026-09-28T07:32:08+00:00
2024-11-04,46.53,2026-09-28T07:32:08+00:00
2024-11-05,45.88,2026-09-28T07:32:08+00:00
2024-11-06,49.23,2026-09-28T07:32:08+00:00
2024-11-07,50.76,2026-09-28T07:32:08+00:00
2024-11-08,36.15,2026-09-28T07:32:08+00:00
2024-11-09,15.03,2026-09-28T07:32:08+00:00
2024-11-10,36.07,2026-09-28T07:32:08+00:00
2024-11-11,44.71,2026-09-28T07:32:08+00:00
2024-11-12,59.67,2026-09-28T07:32:08+00:00
2024-11-13,56.81,2026-09-28T07:32:08+00:00
2024-11-14,50.05,2026-09-28T07:32:08+00:00
2024-11-15,30.48,2026-09-28T07:32:08+00:00
2024-11-16,26.61,2026-09-28T07:32:08+00:00
2024-11-17,38.99,2026-09-28T07:32:08+00:00
2024-11-18,56.28,2026-09-28T07:32:08+00:00
2024-11-19,45.99,2026-09-28T07:32:08+00:00
2024-11-20,41.46,2026-09-28T07:32:08+00:00
2024-11-21,48.66,2026-09-28T07:32:08+00:00
2024-11-22,60.94,2026-09-28T07:32:08+00:00
2024-11-23,56.68,2026-09-28T07:32:08+00:00
2024-11-24,62.53,2026-09-28T07:32:08+00:00
2024-11-25,78.98,2026-09-28T07:32:08+00:00
2024-11-26,64.01,2026-09-28T07:32:08+00:00
2024-11-27,46.42,2026-09-28T07:32:08+00:00
2024-11-28,44.81,2026-09-28T07:32:08+00:00
2024-11-29,33.43,2026-09-28T07:32:08+00:00
2024-11-30,26.16,2026-09-28T07:32:08+00:00
2024-12-01,27.77,2026-09-28T07:32:08+00:00
2024-12-02,29.97,2026-09-28T07:32:08+00:00
2024-12-03,57.48,2026-09-28T07:32:08+00:00
2024-12-04,65.83,2026-09-28T07:32:08+00:00
2024-12-05,77.34,2026-09-28T07:32:08+00:00
2024-12-06,75.91,2026-09-28T07:32:08+00:00
2024-12-07,72.45,2026-09-28T07:32:08+00:00
2024-12-08,81.22,2026-09-28T07:32:08+00:00
2024-12-09,81.04,2026-09-28T07:32:08+00:00
2024-12-10,64.31,2026-09-28T07:32:08+00:00
2024-12-11,58.98,2026-09-28T07:32:08+00:00
2024-12-12,72.96,2026-09-28T07:32:08+00:00
2024-12-13,51.72,2026-09-28T07:32:08+00:00
2024-12-14,45.13,2026-09-28T07:32:08+00:00
2024-12-15,44.92,2026-09-28T07:32:08+00:00
2024-12-16,59.95,2026-09-28T07:32:08+00:00
2024-12-17,76.27,2026-09-28T07:32:08+00:00
2024-12-18,49.12,2026-09-28T07:32:08+00:00
2024-12-19,42.65,2026-09-28T07:32:08+00:00
2024-12-20,60.94,2026-09-28T07:32:08+00:00
2024-12-21,64.92,2026-09-28T07:32:08+00:00
2024-12-22,54.85,2026-09-28T07:32:08+00:00
2024-12-23,45.67,2026-09-28T07:32:08+00:00
2024-12-24,61.23,2026-09-28T07:32:08+00:00
2024-12-25,45.45,2026-09-28T07:32:08+00:00
2024-12-26,56.02,2026-09-28T07:32:08+00:00
2024-12-27,38.99,2026-09-28T07:32:08+00:00
2024-12-28,26.8,2026-09-28T07:32:08+00:00
2024-12-29,22.99,2026-09-28T07:32:08+00:00
2024-12-30,23.27,2026-09-28T07:32:08+00:00
2024-12-31,22.88,2026-09-28T07:32:08+00:00
2025-01-01,18.45,2026-09-28T07:32:08+00:00
2025-01-02,49.35,2026-09-28T07:32:08+00:00
2025-01-03,30.55,2026-09-28T07:32:08+00:00
2025-01-04,24.76,2026-09-28T07:32:08+00:00
2025-01-05,25.73,2026-09-28T07:32:08+00:00
2025-01-06,26.67,2026-09-28T07:32:08+00:00
2025-01-07,28.04,2026-09-28T07:32:08+00:00
2025-01-08,43.77,2026-09-28T07:32:08+00:00
2025-01-09,42.35,2026-09-28T07:32:08+00:00
2025-01-10,47.08,2026-09-28T07:32:08+00:00
2025-01-11,33.36,2026-09-28T07:32:08+00:00
2025-01-12,41.56,2026-09-28T07:32:08+00:00
2025-01-13,30.99,2026-09-28T07:32:08+00:00
2025-01-14,34.89,2026-09-28T07:32:08+00:00
2025-01-15,51.84,2026-09-28T07:32:08+00:00
2025-01-16,45.03,2026-09-28T07:32:08+00:00
2025-01-17,45.56,2026-09-28T07:32:08+00:00
2025-01-18,67.39,2026-09-28T07:32:08+00:00
2025-01-19,49.7,2026-09-28T07:32:08+00:00
2025-01-20,65.83,2026-09-28T07:32:08+00:00
2025-01-21,55.1,2026-09-28T07:32:08+00:00
2025-01-22,57.08,2026-09-28T07:32:08+00:00
2025-01-23,43.26,2026-09-28T07:32:08+00:00
2025-01-24,37.11,2026-09-28T07:32:08+00:00
2025-01-25,52.58,2026-09-28T07:32:08+00:00
2025-01-26,68.5,2026-09-28T07:32:08+00:00
2025-01-27,65.37,2026-09-28T07:32:08+00:00
2025-01-28,44.5,2026-09-28T07:32:08+00:00
2025-01-29,120.62,2026-09-28T07:32:08+00:00
2025-01-30,115.95,2026-09-28T07:32:08+00:00
2025-01-31,66.92,2026-09-28T07:32:08+00:00
2025-02-01,41.95,2026-09-28T07:32:08+00:00
2025-02-02,65.37,2026-09-28T07:32:08+00:00
2025-02-03,45.88,2026-09-28T07:32:08+00:00
2025-02-04,30.26,2026-09-28T07:32:08+00:00
2025-02-05,34.97,2026-09-28T07:32:08+00:00
2025-02-06,75.91,2026-09-28T07:32:08+00:00
2025-02-07,63.27,2026-09-28T07:32:08+00:00
2025-02-08,42.85,2026-09-28T07:32:08+00:00
2025-02-09,40.59,2026-09-28T07:32:08+00:00
2025-02-10,39.09,2026-09-28T07:32:08+00:00
2025-02-11,30.62,2026-09-28T07:32:08+00:00
2025-02-12,22.33,2026-09-28T07:32:08+00:00
2025-02-13,17.03,2026-09-28T07:32:08+00:00
2025-02-14,18.1,2026-09-28T07:32:08+00:00
2025-02-15,20.68,2026-09-28T07:32:08+00:00
2025-02-16,29.13,2026-09-28T07:32:08+00:00
2025-02-17,31.58,2026-09-28T07:32:08+00:00
2025-02-18,31.28,2026-09-28T07:32:08+00:00
2025-02-19,55.89,2026-09-28T07:32:08+00:00
2025-02-20,45.34,2026-09-28T07:32:08+00:00
2025-02-21,30.7,2026-09-28T07:32:08+00:00
2025-02-22,32.34,2026-09-28T07:32:08+00:00
2025-02-23,42.05,2026-09-28T07:32:08+00:00
2025-02-24,40.5,2026-09-28T07:32:08+00:00
2025-02-25,58.57,2026-09-28T07:32:08+00:00
2025-02-26,65.68,2026-09-28T07:32:08+00:00
2025-02-27,60.66,2026-09-28T07:32:08+00:00
2025-02-28,81.99,2026-09-28T07:32:08+00:00
2025-03-01,67.23,2026-09-28T07:32:08+00:00
2025-03-02,67.08,2026-09-28T07:32:08+00:00
2025-03-03,72.45,2026-09-28T07:32:08+00:00
2025-03-04,77.52,2026-09-28T07:32:08+00:00
2025-03-05,65.83,2026-09-28T07:32:08+00:00
2025-03-06,59.67,2026-09-28T07:32:08+00:00
2025-03-07,58.43,2026-09-28T07:32:08+00:00
2025-03-08,42.25,2026-09-28T07:32:08+00:00
2025-03-09,90.62,2026-09-28T07:32:08+00:00
2025-03-10,76.62,2026-09-28T07:32:08+00:00
2025-03-11,59.12,2026-09-28T07:32:08+00:00
2025-03-12,65.07,2026-09-28T07:32:08+00:00
2025-03-13,47.98,2026-09-28T07:32:08+00:00
2025-03-14,40.3,2026-09-28T07:32:08+00:00
2025-03-15,42.25,2026-09-28T07:32:08+00:00
2025-03-16,70.45,2026-09-28T07:32:08+00:00
2025-03-17,56.94,2026-09-28T07:32:08+00:00
2025-03-18,132.97,2026-09-28T07:32:08+00:00
2025-03-19,72.11,2026-09-28T07:32:08+00:00
2025-03-20,52.95,2026-09-28T07:32:08+00:00
2025-03-21,45.77,2026-09-28T07:32:08+00:00
2025-03-22,36.93,2026-09-28T07:32:08+00:00
2025-03-23,34.16,2026-09-28T07:32:08+00:00
2025-03-24,38.99,2026-09-28T07:32:08+00:00
2025-03-25,35.56,2026-09-28T07:32:08+00:00
2025-03-26,26.42,2026-09-28T07:32:08+00:00
2025-03-27,40.78,2026-09-28T07:32:08+00:00
2025-03-28,38.9,2026-09-28T07:32:08+00:00
2025-03-29,49.47,2026-09-28T07:32:08+00:00
2025-03-30,33.12,2026-09-28T07:32:08+00:00
2025-03-31,22.01,2026-09-28T07:32:08+00:00
2025-04-01,19.51,2026-09-28T07:32:08+00:00
2025-04-02,55.23,2026-09-28T07:32:08+00:00
2025-04-03,51.36,2026-09-28T07:32:08+00:00
2025-04-04,44.6,2026-09-28T07:32:08+00:00
2025-04-05,62.1,2026-09-28T07:32:08+00:00
2025-04-06,60.52,2026-09-28T07:32:08+00:00
2025-04-07,60.38,2026-09-28T07:32:08+00:00
2025-04-08,48.32,2026-09-28T07:32:08+00:00
2025-04-09,36.15,2026-09-28T07:32:08+00:00
2025-04-10,51.12,2026-09-28T07:32:08+00:00
2025-04-11,49.23,2026-09-28T07:32:08+00:00
2025-04-12,61.52,2026-09-28T07:32:08+00:00
2025-04-13,48.89,2026-09-28T07:32:08+00:00
2025-04-14,65.99,2026-09-28T07:32:08+00:00
2025-04-15,57.61,2026-09-28T07:32:08+00:00
2025-04-16,73.47,2026-09-28T07:32:08+00:00
2025-04-17,55.1,2026-09-28T07:32:08+00:00
2025-04-18,36.07,2026-09-28T07:32:08+00:00
2025-04-19,44.39,2026-09-28T07:32:08+00:00
2025-04-20,43.36,2026-09-28T07:32:08+00:00
2025-04-21,33.67,2026-09-28T07:32:08+00:00
2025-04-22,34.56,2026-09-28T07:32:08+00:00
2025-04-23,26.86,2026-09-28T07:32:08+00:00
2025-04-24,33.99,2026-09-28T07:32:08+00:00
2025-04-25,39.27,2026-09-28T07:32:08+00:00
2025-04-26,43.87,2026-09-28T07:32:08+00:00
2025-04-27,48.77,2026-09-28T07:32:08+00:00
2025-04-28,33.51,2026-09-28T07:32:08+00:00
2025-04-29,26.8,2026-09-28T07:32:08+00:00
2025-04-30,22.93,2026-09-28T07:32:08+00:00
2025-05-01,18.54,2026-09-28T07:32:08+00:00
2025-05-02,17.24,2026-09-28T07:32:08+00:00
2025-05-03,16.3,2026-09-28T07:32:08+00:00
2025-05-04,16.91,2026-09-28T07:32:08+00:00
2025-05-05,19.46,2026-09-28T07:32:08+00:00
2025-05-06,23.1,2026-09-28T07:32:08+00:00
2025-05-07,18.14,2026-09-28T07:32:08+00:00
2025-05-08,29.83,2026-09-28T07:32:08+00:00
2025-05-09,28.31,2026-09-28T07:32:08+00:00
2025-05-10,19.89,2026-09-28T07:32:08+00:00
2025-05-11,33.59,2026-09-28T07:32:08+00:00
2025-05-12,25.18,2026-09-28T07:32:08+00:00
2025-05-13,26.86,2026-09-28T07:32:08+00:00
2025-05-14,21.44,2026-09-28T07:32:08+00:00
2025-05-15,27.31,2026-09-28T07:32:08+00:00
2025-05-16,22.33,2026-09-28T07:32:08+00:00
2025-05-17,34.48,2026-09-28T07:32:08+00:00
2025-05-18,42.35,2026-09-28T07:32:08+00:00
2025-05-19,30.77,2026-09-28T07:32:08+00:00
2025-05-20,21.08,2026-09-28T07:32:08+00:00
2025-05-21,17.79,2026-09-28T07:32:08+00:00
2025-05-22,103.95,2026-09-28T07:32:08+00:00
2025-05-23,92.97,2026-09-28T07:32:08+00:00
2025-05-24,80.28,2026-09-28T07:32:08+00:00
2025-05-25,64.16,2026-09-28T07:32:08+00:00
2025-05-26,49.93,2026-09-28T07:32:08+00:00
2025-05-27,52.83,2026-09-28T07:32:08+00:00
2025-05-28,32.27,2026-09-28T07:32:08+00:00
2025-05-29,21.13,2026-09-28T07:32:08+00:00
2025-05-30,28.65,2026-09-28T07:32:08+00:00
2025-05-31,22.44,2026-09-28T07:32:08+00:00
2025-06-01,20.38,2026-09-28T07:32:08+00:00
2025-06-02,16.99,2026-09-28T07:32:08+00:00
2025-06-03,12.9,2026-09-28T07:32:08+00:00
2025-06-04,17.92,2026-09-28T07:32:08+00:00
2025-06-05,16.5,2026-09-28T07:32:08+00:00
2025-06-06,14.49,2026-09-28T07:32:08+00:00
2025-06-07,20.73,2026-09-28T07:32:08+00:00
2025-06-08,21.03,2026-09-28T07:32:08+00:00
2025-06-09,19.28,2026-09-28T07:32:08+00:00
2025-06-10,16.18,2026-09-28T07:32:08+00:00
2025-06-11,29.97,2026-09-28T07:32:08+00:00
2025-06-12,26.61,2026-09-28T07:32:08+00:00
2025-06-13,17.24,2026-09-28T07:32:08+00:00
2025-06-14,14.17,2026-09-28T07:32:08+00:00
2025-06-15,12.12,2026-09-28T07:32:08+00:00
2025-06-16,16.86,2026-09-28T07:32:08+00:00
2025-06-17,16.14,2026-09-28T07:32:08+00:00
2025-06-18,46.42,2026-09-28T07:32:08+00:00
2025-06-19,41.46,2026-09-28T07:32:08+00:00
2025-06-20,22.77,2026-09-28T07:32:08+00:00
2025-06-21,98.77,2026-09-28T07:32:08+00:00
2025-06-22,77.16,2026-09-28T07:32:08+00:00
2025-06-23,43.36,2026-09-28T07:32:08+00:00
2025-06-24,50.88,2026-09-28T07:32:08+00:00
2025-06-25,39.09,2026-09-28T07:32:08+00:00
2025-06-26,28.99,2026-09-28T07:32:08+00:00
2025-06-27,24.94,2026-09-28T07:32:08+00:00
2025-06-28,21.23,2026-09-28T07:32:08+00:00
2025-06-29,31.36,2026-09-28T07:32:08+00:00
2025-06-30,24.94,2026-09-28T07:32:08+00:00
2025-07-01,29.97,2026-09-28T07:32:08+00:00
2025-07-02,31.28,2026-09-28T07:32:08+00:00
2025-07-03,24.12,2026-09-28T07:32:08+00:00
2025-07-04,30.12,2026-09-28T07:32:08+00:00
2025-07-05,26.73,2026-09-28T07:32:08+00:00
2025-07-06,27.64,2026-09-28T07:32:08+00:00
2025-07-07,26.67,2026-09-28T07:32:08+00:00
2025-07-08,32.04,2026-09-28T07:32:08+00:00
2025-07-09,25.67,2026-09-28T07:32:08+00:00
2025-07-10,26.42,2026-09-28T07:32:08+00:00
2025-07-11,19.89,2026-09-28T07:32:08+00:00
2025-07-12,14.52,2026-09-28T07:32:08+00:00
2025-07-13,12.93,2026-09-28T07:32:08+00:00
2025-07-14,13.42,2026-09-28T07:32:08+00:00
2025-07-15,15.52,2026-09-28T07:32:08+00:00
2025-07-16,12.49,2026-09-28T07:32:08+00:00
2025-07-17,14.38,2026-09-28T07:32:08+00:00
2025-07-18,13.66,2026-09-28T07:32:08+00:00
2025-07-19,10.99,2026-09-28T07:32:08+00:00
2025-07-20,9.5,2026-09-28T07:32:08+00:00
2025-07-21,9.52,2026-09-28T07:32:08+00:00
2025-07-22,9.21,2026-09-28T07:32:08+00:00
2025-07-23,7.79,2026-09-28T07:32:08+00:00
2025-07-24,6.94,2026-09-28T07:32:08+00:00
2025-07-25,6.55,2026-09-28T07:32:08+00:00
2025-07-26,7.09,2026-09-28T07:32:08+00:00
2025-07-27,6.31,2026-09-28T07:32:08+00:00
2025-07-28,7.99,2026-09-28T07:32:08+00:00
2025-07-29,15.71,2026-09-28T07:32:08+00:00
2025-07-30,11.16,2026-09-28T07:32:08+00:00
2025-07-31,10.53,2026-09-28T07:32:08+00:00
2025-08-01,8.35,2026-09-28T07:32:08+00:00
2025-08-02,6.48,2026-09-28T07:32:08+00:00
2025-08-03,5.95,2026-09-28T07:32:08+00:00
2025-08-04,8.35,2026-09-28T07:32:08+00:00
2025-08-05,15.0,2026-09-28T07:32:08+00:00
2025-08-06,12.06,2026-09-28T07:32:08+00:00
2025-08-07,12.55,2026-09-28T07:32:08+00:00
2025-08-08,16.74,2026-09-28T07:32:08+00:00
2025-08-09,16.7,2026-09-28T07:32:08+00:00
2025-08-10,16.42,2026-09-28T07:32:08+00:00
2025-08-11,12.61,2026-09-28T07:32:08+00:00
2025-08-12,30.84,2026-09-28T07:32:08+00:00
2025-08-13,43.67,2026-09-28T07:32:08+00:00
2025-08-14,57.08,2026-09-28T07:32:08+00:00
2025-08-15,34.08,2026-09-28T07:32:08+00:00
2025-08-16,19.75,2026-09-28T07:32:08+00:00
2025-08-17,15.67,2026-09-28T07:32:08+00:00
2025-08-18,12.96,2026-09-28T07:32:08+00:00
2025-08-19,46.53,2026-09-28T07:32:08+00:00
2025-08-20,41.07,2026-09-28T07:32:08+00:00
2025-08-21,28.11,2026-09-28T07:32:08+00:00
2025-08-22,21.8,2026-09-28T07:32:08+00:00
2025-08-23,16.86,2026-09-28T07:32:08+00:00
2025-08-24,14.07,2026-09-28T07:32:08+00:00
2025-08-25,13.03,2026-09-28T07:32:08+00:00
2025-08-26,22.39,2026-09-28T07:32:08+00:00
2025-08-27,14.49,2026-09-28T07:32:08+00:00
2025-08-28,12.3,2026-09-28T07:32:08+00:00
2025-08-29,13.13,2026-09-28T07:32:08+00:00
2025-08-30,18.91,2026-09-28T07:32:08+00:00
2025-08-31,29.83,2026-09-28T07:32:08+00:00
2025-09-01,37.11,2026-09-28T07:32:08+00:00
2025-09-02,22.71,2026-09-28T07:32:08+00:00
2025-09-03,14.42,2026-09-28T07:32:08+00:00
2025-09-04,11.65,2026-09-28T07:32:08+00:00
2025-09-05,10.64,2026-09-28T07:32:08+00:00
2025-09-06,20.53,2026-09-28T07:32:08+00:00
2025-09-07,15.71,2026-09-28T07:32:08+00:00
2025-09-08,10.99,2026-09-28T07:32:08+00:00
2025-09-09,10.64,2026-09-28T07:32:08+00:00
2025-09-10,29.83,2026-09-28T07:32:08+00:00
2025-09-11,48.66,2026-09-28T07:32:08+00:00
2025-09-12,28.31,2026-09-28T07:32:08+00:00
2025-09-13,22.82,2026-09-28T07:32:08+00:00
2025-09-14,19.37,2026-09-28T07:32:08+00:00
2025-09-15,18.82,2026-09-28T07:32:08+00:00
2025-09-16,14.42,2026-09-28T07:32:08+00:00
2025-09-17,17.32,2026-09-28T07:32:08+00:00
2025-09-18,80.85,2026-09-28T07:32:08+00:00
2025-09-19,45.45,2026-09-28T07:32:08+00:00
2025-09-20,24.35,2026-09-28T07:32:08+00:00
2025-09-21,32.5,2026-09-28T07:32:08+00:00
2025-09-22,20.53,2026-09-28T07:32:08+00:00
2025-09-23,20.38,2026-09-28T07:32:08+00:00
2025-09-24,15.79,2026-09-28T07:32:08+00:00
2025-09-25,13.32,2026-09-28T07:32:08+00:00
2025-09-26,14.6,2026-09-28T07:32:08+00:00
2025-09-27,13.19,2026-09-28T07:32:08+00:00
2025-09-28,20.18,2026-09-28T07:32:08+00:00
2025-09-29,21.03,2026-09-28T07:32:08+00:00
2025-09-30,47.19,2026-09-28T07:32:08+00:00
2025-10-01,40.78,2026-09-28T07:32:08+00:00
2025-10-02,54.59,2026-09-28T07:32:08+00:00
2025-10-03,43.57,2026-09-28T07:32:08+00:00
2025-10-04,21.8,2026-09-28T07:32:08+00:00
2025-10-05,18.77,2026-09-28T07:32:08+00:00
2025-10-06,20.98,2026-09-28T07:32:08+00:00
2025-10-07,23.55,2026-09-28T07:32:08+00:00
2025-10-08,29.55,2026-09-28T07:32:08+00:00
2025-10-09,19.42,2026-09-28T07:32:08+00:00
2025-10-10,15.6,2026-09-28T07:32:08+00:00
2025-10-11,13.72,2026-09-28T07:32:08+00:00
2025-10-12,12.93,2026-09-28T07:32:08+00:00
2025-10-13,12.68,2026-09-28T07:32:08+00:00
2025-10-14,12.61,2026-09-28T07:32:08+00:00
2025-10-15,13.79,2026-09-28T07:32:08+00:00
2025-10-16,18.01,2026-09-28T07:32:08+00:00
2025-10-17,18.77,2026-09-28T07:32:08+00:00
2025-10-18,36.58,2026-09-28T07:32:08+00:00
2025-10-19,26.61,2026-09-28T07:32:08+00:00
2025-10-20,22.99,2026-09-28T07:32:08+00:00
2025-10-21,20.88,2026-09-28T07:32:08+00:00
2025-10-22,50.05,2026-09-28T07:32:08+00:00
2025-10-23,47.42,2026-09-28T07:32:08+00:00
2025-10-24,59.39,2026-09-28T07:32:08+00:00
2025-10-25,68.82,2026-09-28T07:32:08+00:00
2025-10-26,31.81,2026-09-28T07:32:08+00:00
2025-10-27,39.93,2026-09-28T07:32:08+00:00
2025-10-28,45.03,2026-09-28T07:32:08+00:00
2025-10-29,58.43,2026-09-28T07:32:08+00:00
2025-10-30,50.64,2026-09-28T07:32:08+00:00
2025-10-31,54.46,2026-09-28T07:32:08+00:00
2025-11-01,48.43,2026-09-28T07:32:08+00:00
2025-11-02,48.55,2026-09-28T07:32:08+00:00
2025-11-03,57.48,2026-09-28T07:32:08+00:00
2025-11-04,54.34,2026-09-28T07:32:08+00:00
2025-11-05,45.24,2026-09-28T07:32:08+00:00
2025-11-06,36.33,2026-09-28T07:32:08+00:00
2025-11-07,42.85,2026-09-28T07:32:08+00:00
2025-11-08,37.55,2026-09-28T07:32:08+00:00
2025-11-09,48.09,2026-09-28T07:32:08+00:00
2025-11-10,39.27,2026-09-28T07:32:08+00:00
2025-11-11,41.85,2026-09-28T07:32:08+00:00
2025-11-12,62.53,2026-09-28T07:32:08+00:00
2025-11-13,44.08,2026-09-28T07:32:08+00:00
2025-11-14,55.1,2026-09-28T07:32:08+00:00
2025-11-15,57.34,2026-09-28T07:32:08+00:00
2025-11-16,55.89,2026-09-28T07:32:08+00:00
2025-11-17,49.47,2026-09-28T07:32:08+00:00
2025-11-18,38.17,2026-09-28T07:32:08+00:00
2025-11-19,65.53,2026-09-28T07:32:08+00:00
2025-11-20,54.08,2026-09-28T07:32:08+00:00
2025-11-21,75.03,2026-09-28T07:32:08+00:00
2025-11-22,48.77,2026-09-28T07:32:08+00:00
2025-11-23,45.77,2026-09-28T07:32:08+00:00
2025-11-24,38.17,2026-09-28T07:32:08+00:00
2025-11-25,24.94,2026-09-28T07:32:08+00:00
2025-11-26,20.13,2026-09-28T07:32:08+00:00
2025-11-27,18.45,2026-09-28T07:32:08+00:00
2025-11-28,16.62,2026-09-28T07:32:08+00:00
2025-11-29,15.03,2026-09-28T07:32:08+00:00
2025-11-30,16.14,2026-09-28T07:32:08+00:00
2025-12-01,30.33,2026-09-28T07:32:08+00:00
2025-12-02,21.8,2026-09-28T07:32:08+00:00
2025-12-03,37.73,2026-09-28T07:32:08+00:00
2025-12-04,57.48,2026-09-28T07:32:08+00:00
2025-12-05,57.34,2026-09-28T07:32:08+00:00
2025-12-06,34.32,2026-09-28T07:32:08+00:00
2025-12-07,33.67,2026-09-28T07:32:08+00:00
2025-12-08,42.15,2026-09-28T07:32:08+00:00
2025-12-09,30.84,2026-09-28T07:32:08+00:00
2025-12-10,24.47,2026-09-28T07:32:08+00:00
2025-12-11,36.93,2026-09-28T07:32:08+00:00
2025-12-12,45.99,2026-09-28T07:32:08+00:00
2025-12-13,27.77,2026-09-28T07:32:08+00:00
2025-12-14,26.54,2026-09-28T07:32:08+00:00
2025-12-15,23.1,2026-09-28T07:32:08+00:00
2025-12-16,19.18,2026-09-28T07:32:08+00:00
2025-12-17,18.68,2026-09-28T07:32:08+00:00
2025-12-18,19.28,2026-09-28T07:32:08+00:00
2025-12-19,22.93,2026-09-28T07:32:08+00:00
2025-12-20,32.34,2026-09-28T07:32:08+00:00
2025-12-21,41.95,2026-09-28T07:32:08+00:00
2025-12-22,49.0,2026-09-28T07:32:08+00:00
2025-12-23,34.89,2026-09-28T07:32:08+00:00
2025-12-24,29.41,2026-09-28T07:32:08+00:00
2025-12-25,22.88,2026-09-28T07:32:08+00:00
2025-12-26,32.88,2026-09-28T07:32:08+00:00
2025-12-27,26.35,2026-09-28T07:32:08+00:00
2025-12-28,20.88,2026-09-28T07:32:08+00:00
2025-12-29,35.22,2026-09-28T07:32:08+00:00
2025-12-30,36.07,2026-09-28T07:32:08+00:00
2025-12-31,67.55,2026-09-28T07:32:08+00:00
2026-01-01,75.38,2026-09-28T07:32:08+00:00
2026-01-02,45.03,2026-09-28T07:32:08+00:00
2026-01-03,99.93,2026-09-28T07:32:08+00:00
2026-01-04,64.16,2026-09-28T07:32:08+00:00
2026-01-05,33.67,2026-09-28T07:32:08+00:00
2026-01-06,27.91,2026-09-28T07:32:08+00:00
2026-01-07,27.84,2026-09-28T07:32:08+00:00
2026-01-08,26.61,2026-09-28T07:32:08+00:00
2026-01-09,24.76,2026-09-28T07:32:08+00:00
2026-01-10,39.18,2026-09-28T07:32:08+00:00
2026-01-11,35.06,2026-09-28T07:32:08+00:00
2026-01-12,53.33,2026-09-28T07:32:08+00:00
2026-01-13,113.82,2026-09-28T07:32:08+00:00
2026-01-14,63.42,2026-09-28T07:32:08+00:00
2026-01-15,50.76,2026-09-28T07:32:08+00:00
2026-01-16,37.99,2026-09-28T07:32:08+00:00
2026-01-17,53.08,2026-09-28T07:32:08+00:00
2026-01-18,97.4,2026-09-28T07:32:08+00:00
2026-01-19,55.62,2026-09-28T07:32:08+00:00
2026-01-20,47.64,2026-09-28T07:32:08+00:00
2026-01-21,49.7,2026-09-28T07:32:08+00:00
2026-01-22,71.44,2026-09-28T07:32:08+00:00
2026-01-23,112.76,2026-09-28T07:32:08+00:00
2026-01-24,150.36,2026-09-28T07:32:08+00:00
2026-01-25,94.5,2026-09-28T07:32:08+00:00
2026-01-26,54.21,2026-09-28T07:32:08+00:00
2026-01-27,43.67,2026-09-28T07:32:08+00:00
2026-01-28,74.34,2026-09-28T07:32:08+00:00
2026-01-29,101.09,2026-09-28T07:32:08+00:00
2026-01-30,92.33,2026-09-28T07:32:08+00:00
2026-01-31,58.16,2026-09-28T07:32:08+00:00
2026-02-01,54.72,2026-09-28T07:32:08+00:00
2026-02-02,52.33,2026-09-28T07:32:08+00:00
2026-02-03,59.53,2026-09-28T07:32:08+00:00
2026-02-04,52.83,2026-09-28T07:32:08+00:00
2026-02-05,56.54,2026-09-28T07:32:08+00:00
2026-02-06,53.08,2026-09-28T07:32:08+00:00
2026-02-07,56.28,2026-09-28T07:32:08+00:00
2026-02-08,50.05,2026-09-28T07:32:08+00:00
2026-02-09,43.16,2026-09-28T07:32:08+00:00
2026-02-10,36.15,2026-09-28T07:32:08+00:00
2026-02-11,44.5,2026-09-28T07:32:08+00:00
2026-02-12,56.94,2026-09-28T07:32:08+00:00
2026-02-13,59.53,2026-09-28T07:32:08+00:00
2026-02-14,41.95,2026-09-28T07:32:08+00:00
2026-02-15,53.58,2026-09-28T07:32:08+00:00
2026-02-16,53.08,2026-09-28T07:32:08+00:00
2026-02-17,52.21,2026-09-28T07:32:08+00:00
2026-02-18,60.8,2026-09-28T07:32:08+00:00
2026-02-19,57.75,2026-09-28T07:32:08+00:00
2026-02-20,79.35,2026-09-28T07:32:08+00:00
2026-02-21,52.09,2026-09-28T07:32:08+00:00
2026-02-22,41.95,2026-09-28T07:32:08+00:00
2026-02-23,51.48,2026-09-28T07:32:08+00:00
2026-02-24,44.39,2026-09-28T07:32:08+00:00
2026-02-25,31.14,2026-09-28T07:32:08+00:00
2026-02-26,24.94,2026-09-28T07:32:08+00:00
2026-02-27,22.17,2026-09-28T07:32:08+00:00
2026-02-28,25.49,2026-09-28T07:32:08+00:00
2026-03-01,23.6,2026-09-28T07:32:08+00:00
2026-03-02,29.13,2026-09-28T07:32:08+00:00
2026-03-03,44.08,2026-09-28T07:32:08+00:00
2026-03-04,42.15,2026-09-28T07:32:08+00:00
2026-03-05,48.66,2026-09-28T07:32:08+00:00
2026-03-06,35.73,2026-09-28T07:32:08+00:00
2026-03-07,35.31,2026-09-28T07:32:08+00:00
2026-03-08,54.72,2026-09-28T07:32:08+00:00
2026-03-09,44.92,2026-09-28T07:32:08+00:00
2026-03-10,40.11,2026-09-28T07:32:08+00:00
2026-03-11,33.75,2026-09-28T07:32:08+00:00
2026-03-12,28.51,2026-09-28T07:32:08+00:00
2026-03-13,24.64,2026-09-28T07:32:08+00:00
2026-03-14,18.63,2026-09-28T07:32:08+00:00
2026-03-15,16.26,2026-09-28T07:32:08+00:00
2026-03-16,14.7,2026-09-28T07:32:08+00:00
2026-03-17,15.56,2026-09-28T07:32:08+00:00
2026-03-18,13.96,2026-09-28T07:32:08+00:00
2026-03-19,12.18,2026-09-28T07:32:08+00:00
2026-03-20,13.62,2026-09-28T07:32:08+00:00
2026-03-21,24.59,2026-09-28T07:32:08+00:00
2026-03-22,22.93,2026-09-28T07:32:08+00:00
2026-03-23,17.49,2026-09-28T07:32:08+00:00
2026-03-24,13.0,2026-09-28T07:32:08+00:00
2026-03-25,12.46,2026-09-28T07:32:08+00:00
2026-03-26,19.28,2026-09-28T07:32:08+00:00
2026-03-27,22.6,2026-09-28T07:32:08+00:00
2026-03-28,31.96,2026-09-28T07:32:08+00:00
2026-03-29,31.06,2026-09-28T07:32:08+00:00
2026-03-30,30.84,2026-09-28T07:32:08+00:00
2026-03-31,37.02,2026-09-28T07:32:08+00:00
2026-04-01,34.81,2026-09-28T07:32:08+00:00
2026-04-02,46.1,2026-09-28T07:32:08+00:00
2026-04-03,50.64,2026-09-28T07:32:08+00:00
2026-04-04,33.36,2026-09-28T07:32:08+00:00
2026-04-05,40.78,2026-09-28T07:32:08+00:00
2026-04-06,47.98,2026-09-28T07:32:08+00:00
2026-04-07,37.46,2026-09-28T07:32:08+00:00
2026-04-08,29.41,2026-09-28T07:32:08+00:00
2026-04-09,31.81,2026-09-28T07:32:08+00:00
2026-04-10,31.06,2026-09-28T07:32:08+00:00
2026-04-11,33.04,2026-09-28T07:32:08+00:00
2026-04-12,38.63,2026-09-28T07:32:08+00:00
2026-04-13,31.96,2026-09-28T07:32:08+00:00
2026-04-14,25.61,2026-09-28T07:32:08+00:00
2026-04-15,37.37,2026-09-28T07:32:08+00:00
2026-04-16,48.2,2026-09-28T07:32:08+00:00
2026-04-17,51.6,2026-09-28T07:32:08+00:00
2026-04-18,43.98,2026-09-28T07:32:08+00:00
2026-04-19,36.24,2026-09-28T07:32:08+00:00
2026-04-20,33.51,2026-09-28T07:32:08+00:00
2026-04-21,25.55,2026-09-28T07:32:08+00:00
2026-04-22,26.23,2026-09-28T07:32:08+00:00
2026-04-23,29.27,2026-09-28T07:32:08+00:00
2026-04-24,25.24,2026-09-28T07:32:08+00:00
2026-04-25,19.28,2026-09-28T07:32:08+00:00
2026-04-26,23.72,2026-09-28T07:32:08+00:00
2026-04-27,17.45,2026-09-28T07:32:08+00:00
2026-04-28,24.35,2026-09-28T07:32:08+00:00
2026-04-29,27.05,2026-09-28T07:32:08+00:00
2026-04-30,30.99,2026-09-28T07:32:08+00:00
2026-05-01,36.33,2026-09-28T07:32:08+00:00
2026-05-02,31.14,2026-09-28T07:32:08+00:00
2026-05-03,24.29,2026-09-28T07:32:08+00:00
2026-05-04,32.34,2026-09-28T07:32:08+00:00
2026-05-05,48.43,2026-09-28T07:32:08+00:00
2026-05-06,51.48,2026-09-28T07:32:08+00:00
2026-05-07,33.75,2026-09-28T07:32:08+00:00
2026-05-08,19.56,2026-09-28T07:32:08+00:00
2026-05-09,14.17,2026-09-28T07:32:08+00:00
2026-05-10,12.84,2026-09-28T07:32:08+00:00
2026-05-11,13.16,2026-09-28T07:32:08+00:00
2026-05-12,17.45,2026-09-28T07:32:08+00:00
2026-05-13,13.26,2026-09-28T07:32:08+00:00
2026-05-14,17.03,2026-09-28T07:32:08+00:00
2026-05-15,21.18,2026-09-28T07:32:08+00:00
2026-05-16,43.16,2026-09-28T07:32:08+00:00
2026-05-17,48.77,2026-09-28T07:32:08+00:00
2026-05-18,23.04,2026-09-28T07:32:08+00:00
2026-05-19,21.18,2026-09-28T07:32:08+00:00
2026-05-20,19.42,2026-09-28T07:32:08+00:00
2026-05-21,25.67,2026-09-28T07:32:08+00:00
2026-05-22,15.22,2026-09-28T07:32:08+00:00
2026-05-23,15.44,2026-09-28T07:32:08+00:00
2026-05-24,40.21,2026-09-28T07:32:08+00:00
2026-05-25,66.76,2026-09-28T07:32:08+00:00
2026-05-26,42.85,2026-09-28T07:32:08+00:00
2026-05-27,23.83,2026-09-28T07:32:08+00:00
2026-05-28,16.3,2026-09-28T07:32:08+00:00
2026-05-29,13.35,2026-09-28T07:32:08+00:00
2026-05-30,11.91,2026-09-28T07:32:08+00:00
2026-05-31,13.13,2026-09-28T07:32:08+00:00
2026-06-01,14.45,2026-09-28T07:32:08+00:00
2026-06-02,15.67,2026-09-28T07:32:08+00:00
2026-06-03,14.35,2026-09-28T07:32:08+00:00
2026-06-04,11.76,2026-09-28T07:32:08+00:00
2026-06-05,13.16,2026-09-28T07:32:08+00:00
2026-06-06,10.25,2026-09-28T07:32:08+00:00
2026-06-07,7.47,2026-09-28T07:32:08+00:00
2026-06-08,6.78,2026-09-28T07:32:08+00:00
2026-06-09,6.24,2026-09-28T07:32:08+00:00
2026-06-10,6.0,2026-09-28T07:32:08+00:00
2026-06-11,5.93,2026-09-28T07:32:08+00:00
2026-06-12,5.59,2026-09-28T07:32:08+00:00
2026-06-13,5.41,2026-09-28T07:32:08+00:00
2026-06-14,6.13,2026-09-28T07:32:08+00:00
2026-06-15,5.31,2026-09-28T07:32:08+00:00
2026-06-16,7.53,2026-09-28T07:32:08+00:00
2026-06-17,6.69,2026-09-28T07:32:08+00:00
2026-06-18,6.24,2026-09-28T07:32:08+00:00
2026-06-19,5.47,2026-09-28T07:32:08+00:00
2026-06-20,4.43,2026-09-28T07:32:08+00:00
2026-06-21,6.73,2026-09-28T07:32:08+00:00
2026-06-22,10.12,2026-09-28T07:32:08+00:00
2026-06-23,10.97,2026-09-28T07:32:08+00:00
2026-06-24,9.81,2026-09-28T07:32:08+00:00
2026-06-25,11.62,2026-09-28T07:32:08+00:00
2026-06-26,9.28,2026-09-28T07:32:08+00:00
2026-06-27,6.74,2026-09-28T07:32:08+00:00
2026-06-28,6.48,2026-09-28T07:32:08+00:00
2026-06-29,6.48,2026-09-28T07:32:08+00:00
2026-06-30,6.14,2026-09-28T07:32:08+00:00
2026-07-01,4.66,2026-09-28T07:32:08+00:00
2026-07-02,4.13,2026-09-28T07:32:08+00:00
2026-07-03,3.97,2026-09-28T07:32:08+00:00
2026-07-04,4.08,2026-09-28T07:32:08+00:00
2026-07-05,3.89,2026-09-28T07:32:08+00:00
2026-07-06,5.28,2026-09-28T07:32:08+00:00
2026-07-07,4.89,2026-09-28T07:32:08+00:00
2026-07-08,5.28,2026-09-28T07:32:08+00:00
2026-07-09,4.64,2026-09-28T07:32:08+00:00
2026-07-10,3.49,2026-09-28T07:32:08+00:00
2026-07-11,3.24,2026-09-28T07:32:08+00:00
2026-07-12,3.21,2026-09-28T07:32:08+00:00
2026-07-13,3.17,2026-09-28T07:32:08+00:00
2026-07-14,3.11,2026-09-28T07:32:08+00:00
2026-07-15,3.07,2026-09-28T07:32:08+00:00
2026-07-16,3.09,2026-09-28T07:32:08+00:00
2026-07-17,3.06,2026-09-28T07:32:08+00:00
2026-07-18,3.81,2026-09-28T07:32:08+00:00
2026-07-19,4.53,2026-09-28T07:32:08+00:00
2026-07-20,4.28,2026-09-28T07:32:08+00:00
2026-07-21,5.05,2026-09-28T07:32:08+00:00
2026-07-22,4.26,2026-09-28T07:32:08+00:00
2026-07-23,3.27,2026-09-28T07:32:08+00:00
2026-07-24,3.07,2026-09-28T07:32:08+00:00
2026-07-25,3.06,2026-09-28T07:32:08+00:00
2026-07-26,2.97,2026-09-28T07:32:08+00:00
2026-07-27,2.94,2026-09-28T07:32:08+00:00
2026-07-28,2.87,2026-09-28T07:32:08+00:00
2026-07-29,2.86,2026-09-28T07:32:08+00:00
2026-07-30,3.07,2026-09-28T07:32:08+00:00
2026-07-31,5.97,2026-09-28T07:32:08+00:00
2026-08-01,10.8,2026-09-28T07:32:08+00:00
2026-08-02,6.06,2026-09-28T07:32:08+00:00
2026-08-03,4.83,2026-09-28T07:32:08+00:00
2026-08-04,8.84,2026-09-28T07:32:08+00:00
2026-08-05,7.79,2026-09-28T07:32:08+00:00
2026-08-06,4.68,2026-09-28T07:32:08+00:00
2026-08-07,3.69,2026-09-28T07:32:08+00:00
2026-08-08,4.13,2026-09-28T07:32:08+00:00
2026-08-09,3.55,2026-09-28T07:32:08+00:00
2026-08-10,3.11,2026-09-28T07:32:08+00:00
2026-08-11,3.06,2026-09-28T07:32:08+00:00
2026-08-12,3.3,2026-09-28T07:32:08+00:00
2026-08-13,3.09,2026-09-28T07:32:08+00:00
2026-08-14,2.83,2026-09-28T07:32:08+00:00
2026-08-15,2.78,2026-09-28T07:32:08+00:00
2026-08-16,3.83,2026-09-28T07:32:08+00:00
2026-08-17,3.8,2026-09-28T07:32:08+00:00
2026-08-18,3.55,2026-09-28T07:32:08+00:00
2026-08-19,4.04,2026-09-28T07:32:08+00:00
2026-08-20,35.22,2026-09-28T07:32:08+00:00
2026-08-21,20.04,2026-09-28T07:32:08+00:00
2026-08-22,5.18,2026-09-28T07:32:08+00:00
2026-08-23,2.94,2026-09-28T07:32:08+00:00
2026-08-24,2.5,2026-09-28T07:32:08+00:00
2026-08-25,2.28,2026-09-28T07:32:08+00:00
2026-08-26,2.15,2026-09-28T07:32:08+00:00
2026-08-27,5.79,2026-09-28T07:32:08+00:00
2026-08-28,4.48,2026-09-28T07:32:08+00:00
2026-08-29,2.52,2026-09-28T07:32:08+00:00
2026-08-30,2.76,2026-09-28T07:32:08+00:00
2026-08-31,3.03,2026-09-28T07:32:08+00:00
2026-09-01,3.97,2026-09-28T07:32:08+00:00
2026-09-02,5.01,2026-09-28T07:32:08+00:00
2026-09-03,4.42,2026-09-28T07:32:08+00:00
2026-09-04,3.91,2026-09-28T07:32:08+00:00
2026-09-05,3.94,2026-09-28T07:32:08+00:00
2026-09-06,4.06,2026-09-28T07:32:08+00:00
2026-09-07,4.16,2026-09-28T07:32:08+00:00
2026-09-08,3.83,2026-09-28T07:32:08+00:00
2026-09-09,4.45,2026-09-28T07:32:08+00:00
2026-09-10,5.14,2026-09-28T07:32:08+00:00
2026-09-11,6.94,2026-09-28T07:32:08+00:00
2026-09-12,4.4,2026-09-28T07:32:08+00:00
2026-09-13,2.87,2026-09-28T07:32:08+00:00
2026-09-14,2.56,2026-09-28T07:32:08+00:00
2026-09-15,2.37,2026-09-28T07:32:08+00:00
2026-09-16,2.24,2026-09-28T07:32:08+00:00
2026-09-17,2.6,2026-09-28T07:32:08+00:00
2026-09-18,2.99,2026-09-28T07:32:08+00:00
2026-09-19,13.22,2026-09-28T07:32:08+00:00
2026-09-20,16.5,2026-09-28T07:32:08+00:00
2026-09-21,8.02,2026-09-28T07:32:08+00:00
2026-09-22,8.42,2026-09-28T07:32:08+00:00
