time,precipitation,soil_moisture_0_to_7cm,ingested_at
2026-09-15T00:00,0.0,0.168,2026-09-28T07:32:18+00:00
2026-09-15T01:00,0.0,0.168,2026-09-28T07:32:18+00:00
2026-09-15T02:00,0.0,0.168,2026-09-28T07:32:18+00:00
2026-09-15T03:00,0.0,0.167,2026-09-28T07:32:18+00:00
2026-09-15T04:00,0.0,0.167,2026-09-28T07:32:18+00:00
2026-09-15T05:00,0.0,0.167,2026-09-28T07:32:18+00:00
2026-09-15T06:00,0.0,0.167,2026-09-28T07:32:18+00:00
2026-09-15T07:00,0.0,0.162,2026-09-28T07:32:18+00:00
2026-09-15T08:00,0.0,0.162,2026-09-28T07:32:18+00:00
2026-09-15T09:00,0.0,0.162,2026-09-28T07:32:18+00:00
2026-09-15T10:00,0.0,0.162,2026-09-28T07:32:18+00:00
2026-09-15T11:00,0.0,0.162,2026-09-28T07:32:18+00:00
2026-09-15T12:00,0.0,0.162,2026-09-28T07:32:18+00:00
2026-09-15T13:00,0.0,0.162,2026-09-28T07:32:18+00:00
2026-09-15T14:00,0.0,0.162,2026-09-28T07:32:18+00:00
2026-09-15T15:00,0.0,0.161,2026-09-28T07:32:18+00:00
2026-09-15T16:00,0.0,0.161,2026-09-28T07:32:18+00:00
2026-09-15T17:00,0.0,0.161,2026-09-28T07:32:18+00:00
2026-09-15T18:00,0.0,0.161,2026-09-28T07:32:18+00:00
2026-09-15T19:00,0.0,0.161,2026-09-28T07:32:18+00:00
2026-09-15T20:00,0.0,0.161,2026-09-28T07:32:18+00:00
2026-09-15T21:00,0.0,0.161,2026-09-28T07:32:18+00:00
2026-09-15T22:00,0.0,0.161,2026-09-28T07:32:18+00:00
2026-09-15T23:00,0.0,0.161,2026-09-28T07:32:18+00:00
2026-09-16T00:00,0.0,0.161,2026-09-28T07:32:18+00:00
2026-09-16T01:00,0.0,0.161,2026-09-28T07:32:18+00:00
2026-09-16T02:00,0.0,0.161,2026-09-28T07:32:18+00:00
2026-09-16T03:00,0.0,0.161,2026-09-28T07:32:18+00:00
2026-09-16T04:00,0.0,0.161,2026-09-28T07:32:18+00:00
2026-09-16T05:00,0.0,0.161,2026-09-28T07:32:18+00:00
2026-09-16T06:00,0.0,0.161,2026-09-28T07:32:18+00:00
2026-09-16T07:00,0.0,0.161,2026-09-28T07:32:18+00:00
2026-09-16T08:00,0.0,0.161,2026-09-28T07:32:18+00:00
2026-09-16T09:00,0.0,0.161,2026-09-28T07:32:18+00:00
2026-09-16T10:00,0.0,0.161,2026-09-28T07:32:18+00:00
2026-09-16T11:00,0.0,0.161,2026-09-28T07:32:18+00:00
2026-09-16T12:00,0.0,0.161,2026-09-28T07:32:18+00:00
2026-09-16T13:00,0.0,0.161,2026-09-28T07:32:18+00:00
2026-09-16T14:00,0.3,0.164,2026-09-28T07:32:18+00:00
2026-09-16T15:00,0.3,0.167,2026-09-28T07:32:18+00:00
2026-09-16T16:00,0.0,0.166,2026-09-28T07:32:18+00:00
2026-09-16T17:00,0.0,0.166,2026-09-28T07:32:18+00:00
2026-09-16T18:00,0.0,0.165,2026-09-28T07:32:18+00:00
2026-09-16T19:00,0.0,0.172,2026-09-28T07:32:18+00:00
2026-09-16T20:00,0.0,0.171,2026-09-28T07:32:18+00:00
2026-09-16T21:00,0.0,0.171,2026-09-28T07:32:18+00:00
2026-09-16T22:00,0.0,0.17,2026-09-28T07:32:18+00:00
2026-09-16T23:00,0.0,0.17,2026-09-28T07:32:18+00:00
2026-09-17T00:00,0.0,0.17,2026-09-28T07:32:18+00:00
2026-09-17T01:00,0.0,0.181,2026-09-28T07:32:18+00:00
2026-09-17T02:00,0.0,0.18,2026-09-28T07:32:18+00:00
2026-09-17T03:00,0.0,0.18,2026-09-28T07:32:18+00:00
2026-09-17T04:00,0.0,0.179,2026-09-28T07:32:18+00:00
2026-09-17T05:00,0.0,0.179,2026-09-28T07:32:18+00:00
2026-09-17T06:00,0.0,0.179,2026-09-28T07:32:18+00:00
2026-09-17T07:00,0.0,0.163,2026-09-28T07:32:18+00:00
2026-09-17T08:00,0.0,0.163,2026-09-28T07:32:18+00:00
2026-09-17T09:00,0.0,0.163,2026-09-28T07:32:18+00:00
2026-09-17T10:00,0.0,0.163,2026-09-28T07:32:18+00:00
2026-09-17T11:00,0.0,0.162,2026-09-28T07:32:18+00:00
2026-09-17T12:00,0.0,0.162,2026-09-28T07:32:18+00:00
2026-09-17T13:00,0.1,0.163,2026-09-28T07:32:18+00:00
2026-09-17T14:00,0.6,0.17,2026-09-28T07:32:18+00:00
2026-09-17T15:00,0.2,0.17,2026-09-28T07:32:18+00:00
2026-09-17T16:00,0.0,0.169,2026-09-28T07:32:18+00:00
2026-09-17T17:00,0.0,0.168,2026-09-28T07:32:18+00:00
2026-09-17T18:00,0.0,0.167,2026-09-28T07:32:18+00:00
2026-09-17T19:00,0.0,0.171,2026-09-28T07:32:18+00:00
2026-09-17T20:00,0.0,0.17,2026-09-28T07:32:18+00:00
2026-09-17T21:00,0.0,0.17,2026-09-28T07:32:18+00:00
2026-09-17T22:00,0.0,0.169,2026-09-28T07:32:18+00:00
2026-09-17T23:00,0.0,0.169,2026-09-28T07:32:18+00:00
2026-09-18T00:00,0.0,0.169,2026-09-28T07:32:18+00:00
2026-09-18T01:00,0.0,0.174,2026-09-28T07:32:18+00:00
2026-09-18T02:00,0.0,0.174,2026-09-28T07:32:18+00:00
2026-09-18T03:00,0.0,0.174,2026-09-28T07:32:18+00:00
2026-09-18T04:00,0.0,0.173,2026-09-28T07:32:18+00:00
2026-09-18T05:00,0.0,0.173,2026-09-28T07:32:18+00:00
2026-09-18T06:00,0.0,0.173,2026-09-28T07:32:18+00:00
2026-09-18T07:00,0.0,0.163,2026-09-28T07:32:18+00:00
2026-09-18T08:00,0.0,0.164,2026-09-28T07:32:18+00:00
2026-09-18T09:00,0.1,0.164,2026-09-28T07:32:18+00:00
2026-09-18T10:00,0.1,0.166,2026-09-28T07:32:18+00:00
2026-09-18T11:00,0.1,0.166,2026-09-28T07:32:18+00:00
2026-09-18T12:00,0.1,0.165,2026-09-28T07:32:18+00:00
2026-09-18T13:00,0.3,0.167,2026-09-28T07:32:18+00:00
2026-09-18T14:00,1.2,0.181,2026-09-28T07:32:18+00:00
2026-09-18T15:00,0.5,0.185,2026-09-28T07:32:18+00:00
2026-09-18T16:00,0.0,0.182,2026-09-28T07:32:18+00:00
2026-09-18T17:00,0.0,0.18,2026-09-28T07:32:18+00:00
2026-09-18T18:00,0.0,0.179,2026-09-28T07:32:18+00:00
2026-09-18T19:00,0.4,0.205,2026-09-28T07:32:18+00:00
2026-09-18T20:00,0.1,0.205,2026-09-28T07:32:18+00:00
2026-09-18T21:00,0.0,0.205,2026-09-28T07:32:18+00:00
2026-09-18T22:00,0.0,0.204,2026-09-28T07:32:18+00:00
2026-09-18T23:00,0.0,0.204,2026-09-28T07:32:18+00:00
2026-09-19T00:00,0.0,0.203,2026-09-28T07:32:18+00:00
2026-09-19T01:00,0.8,0.21,2026-09-28T07:32:18+00:00
2026-09-19T02:00,4.1,0.265,2026-09-28T07:32:18+00:00
2026-09-19T03:00,0.9,0.277,2026-09-28T07:32:18+00:00
2026-09-19T04:00,0.1,0.278,2026-09-28T07:32:18+00:00
2026-09-19T05:00,0.0,0.278,2026-09-28T07:32:18+00:00
2026-09-19T06:00,0.0,0.278,2026-09-28T07:32:18+00:00
2026-09-19T07:00,0.0,0.465,2026-09-28T07:32:18+00:00
2026-09-19T08:00,0.0,0.459,2026-09-28T07:32:18+00:00
2026-09-19T09:00,0.0,0.451,2026-09-28T07:32:18+00:00
2026-09-19T10:00,0.0,0.441,2026-09-28T07:32:18+00:00
2026-09-19T11:00,0.0,0.431,2026-09-28T07:32:18+00:00
2026-09-19T12:00,0.0,0.421,2026-09-28T07:32:18+00:00
2026-09-19T13:00,0.4,0.392,2026-09-28T07:32:18+00:00
2026-09-19T14:00,0.7,0.391,2026-09-28T07:32:18+00:00
2026-09-19T15:00,0.0,0.385,2026-09-28T07:32:18+00:00
2026-09-19T16:00,0.1,0.38,2026-09-28T07:32:18+00:00
2026-09-19T17:00,1.1,0.389,2026-09-28T07:32:18+00:00
2026-09-19T18:00,1.4,0.404,2026-09-28T07:32:18+00:00
2026-09-19T19:00,0.9,0.351,2026-09-28T07:32:18+00:00
2026-09-19T20:00,0.0,0.35,2026-09-28T07:32:18+00:00
2026-09-19T21:00,0.0,0.35,2026-09-28T07:32:18+00:00
2026-09-19T22:00,0.0,0.349,2026-09-28T07:32:18+00:00
2026-09-19T23:00,0.0,0.349,2026-09-28T07:32:18+00:00
2026-09-20T00:00,0.0,0.349,2026-09-28T07:32:18+00:00
2026-09-20T01:00,0.0,0.286,2026-09-28T07:32:18+00:00
2026-09-20T02:00,0.0,0.286,2026-09-28T07:32:18+00:00
2026-09-20T03:00,0.0,0.286,2026-09-28T07:32:18+00:00
2026-09-20T04:00,0.0,0.286,2026-09-28T07:32:18+00:00
2026-09-20T05:00,0.0,0.286,2026-09-28T07:32:18+00:00
2026-09-20T06:00,0.0,0.285,2026-09-28T07:32:18+00:00
2026-09-20T07:00,0.0,0.307,2026-09-28T07:32:18+00:00
2026-09-20T08:00,0.0,0.305,2026-09-28T07:32:18+00:00
2026-09-20T09:00,0.0,0.302,2026-09-28T07:32:18+00:00
2026-09-20T10:00,0.0,0.296,2026-09-28T07:32:18+00:00
2026-09-20T11:00,0.0,0.288,2026-09-28T07:32:18+00:00
2026-09-20T12:00,0.0,0.28,2026-09-28T07:32:18+00:00
2026-09-20T13:00,0.0,0.272,2026-09-28T07:32:18+00:00
2026-09-20T14:00,0.0,0.263,2026-09-28T07:32:18+00:00
2026-09-20T15:00,0.1,0.257,2026-09-28T07:32:18+00:00
2026-09-20T16:00,0.0,0.252,2026-09-28T07:32:18+00:00
2026-09-20T17:00,0.0,0.248,2026-09-28T07:32:18+00:00
2026-09-20T18:00,0.0,0.246,2026-09-28T07:32:18+00:00
2026-09-20T19:00,0.0,0.24,2026-09-28T07:32:18+00:00
2026-09-20T20:00,0.1,0.24,2026-09-28T07:32:18+00:00
2026-09-20T21:00,0.0,0.24,2026-09-28T07:32:18+00:00
2026-09-20T22:00,0.2,0.242,2026-09-28T07:32:18+00:00
2026-09-20T23:00,0.1,0.242,2026-09-28T07:32:18+00:00
2026-09-21T00:00,0.0,0.242,2026-09-28T07:32:18+00:00
2026-09-21T01:00,0.0,0.227,2026-09-28T07:32:18+00:00
2026-09-21T02:00,0.1,0.228,2026-09-28T07:32:18+00:00
2026-09-21T03:00,0.3,0.231,2026-09-28T07:32:18+00:00
2026-09-21T04:00,4.2,0.286,2026-09-28T07:32:18+00:00
2026-09-21T05:00,8.9,0.41,2026-09-28T07:32:18+00:00
2026-09-21T06:00,6.1,0.492,2026-09-28T07:32:18+00:00
2026-09-21T07:00,2.0,0.196,2026-09-28T07:32:18+00:00
2026-09-21T08:00,0.0,0.195,2026-09-28T07:32:18+00:00
2026-09-21T09:00,0.0,0.192,2026-09-28T07:32:18+00:00
2026-09-21T10:00,0.0,0.188,2026-09-28T07:32:18+00:00
2026-09-21T11:00,0.0,0.183,2026-09-28T07:32:18+00:00
2026-09-21T12:00,0.0,0.178,2026-09-28T07:32:18+00:00
2026-09-21T13:00,0.6,0.167,2026-09-28T07:32:18+00:00
2026-09-21T14:00,0.5,0.172,2026-09-28T07:32:18+00:00
2026-09-21T15:00,0.0,0.17,2026-09-28T07:32:18+00:00
2026-09-21T16:00,0.0,0.169,2026-09-28T07:32:18+00:00
2026-09-21T17:00,0.0,0.168,2026-09-28T07:32:18+00:00
2026-09-21T18:00,0.0,0.168,2026-09-28T07:32:18+00:00
2026-09-21T19:00,0.0,0.161,2026-09-28T07:32:18+00:00
2026-09-21T20:00,0.0,0.161,2026-09-28T07:32:18+00:00
2026-09-21T21:00,0.0,0.161,2026-09-28T07:32:18+00:00
2026-09-21T22:00,0.0,0.162,2026-09-28T07:32:18+00:00
2026-09-21T23:00,0.0,0.162,2026-09-28T07:32:18+00:00
2026-09-22T00:00,0.0,0.162,2026-09-28T07:32:18+00:00
2026-09-22T01:00,0.0,0.139,2026-09-28T07:32:18+00:00
2026-09-22T02:00,0.0,0.139,2026-09-28T07:32:18+00:00
2026-09-22T03:00,0.0,0.139,2026-09-28T07:32:18+00:00
2026-09-22T04:00,0.0,0.139,2026-09-28T07:32:18+00:00
2026-09-22T05:00,0.0,0.139,2026-09-28T07:32:18+00:00
2026-09-22T06:00,0.0,0.139,2026-09-28T07:32:18+00:00
2026-09-22T07:00,0.0,0.154,2026-09-28T07:32:18+00:00
2026-09-22T08:00,0.0,0.154,2026-09-28T07:32:18+00:00
2026-09-22T09:00,0.0,0.154,2026-09-28T07:32:18+00:00
2026-09-22T10:00,0.0,0.154,2026-09-28T07:32:18+00:00
2026-09-22T11:00,0.0,0.154,2026-09-28T07:32:18+00:00
2026-09-22T12:00,0.0,0.154,2026-09-28T07:32:18+00:00
2026-09-22T13:00,0.2,0.151,2026-09-28T07:32:18+00:00
2026-09-22T14:00,0.7,0.159,2026-09-28T07:32:18+00:00
2026-09-22T15:00,0.1,0.16,2026-09-28T07:32:18+00:00
2026-09-22T16:00,0.1,0.161,2026-09-28T07:32:18+00:00
2026-09-22T17:00,0.1,0.162,2026-09-28T07:32:18+00:00
2026-09-22T18:00,0.2,0.164,2026-09-28T07:32:18+00:00
2026-09-22T19:00,0.0,0.161,2026-09-28T07:32:18+00:00
2026-09-22T20:00,0.0,0.161,2026-09-28T07:32:18+00:00
2026-09-22T21:00,0.0,0.161,2026-09-28T07:32:18+00:00
2026-09-22T22:00,0.0,0.161,2026-09-28T07:32:18+00:00
2026-09-22T23:00,0.0,0.161,2026-09-28T07:32:18+00:00
